{
	"credit": "Made with Blockbench",
	"textures": {
		"4": "blocks/on-top-bed",
		"bottom": "blocks/planks_oak",
		"end": "blocks/bed_head_end",
		"side": "blocks/bed_head_side",
		"particle": "blocks/bed_head_top",
		"top": "blocks/bed_head_top"
	},
	"elements": [
		{
			"from": [0, 0, 0],
			"to": [16, 9, 16],
			"faces": {
				"east": {"uv": [16, 7, 0, 16], "texture": "#side"},
				"south": {"uv": [0, 7, 16, 16], "texture": "#end"},
				"west": {"uv": [0, 7, 16, 16], "texture": "#side"},
				"up": {"uv": [0, 16, 16, 0], "rotation": 90, "texture": "#top"}
			}
		},
		{
			"from": [0, 3, 0],
			"to": [16, 3, 16],
			"faces": {
				"down": {"uv": [0, 0, 16, 16], "texture": "#bottom"}
			}
		},
		{
			"name": "head",
			"from": [4, 9, 6],
			"to": [12, 13, 14],
			"faces": {
				"north": {"uv": [0, 2, 2, 4], "texture": "#4"},
				"east": {"uv": [0, 2, 2, 4], "texture": "#4"},
				"south": {"uv": [2, 0, 4, 2], "texture": "#4"},
				"west": {"uv": [4, 2, 6, 4], "texture": "#4"},
				"up": {"uv": [2, 2, 4, 4], "rotation": 180, "texture": "#4"},
				"down": {"uv": [8.5, 0, 10.375, 1.71875], "rotation": 180, "texture": "#4"}
			}
		},
		{
			"name": "body",
			"from": [4, 9, 0],
			"to": [12, 11, 6],
			"faces": {
				"north": {"uv": [0, 0, 8, 2], "texture": "#4"},
				"east": {"uv": [0, 0, 6, 2], "texture": "#4"},
				"south": {"uv": [0, 0, 8, 2], "texture": "#4"},
				"west": {"uv": [0, 0, 6, 2], "texture": "#4"},
				"up": {"uv": [5, 5, 7, 6.5], "texture": "#4"},
				"down": {"uv": [0, 0, 8, 6], "texture": "#4"}
			}
		},
		{
			"name": "right-hand",
			"from": [0, 9, 0],
			"to": [4, 11, 6],
			"faces": {
				"north": {"uv": [11.75, 5.59375, 12.96875, 6.96875], "texture": "#4"},
				"east": {"uv": [11.125, 5.78125, 12.21875, 6.8125], "texture": "#4"},
				"south": {"uv": [11.59375, 5.28125, 12.6875, 6.9375], "texture": "#4"},
				"west": {"uv": [11.5625, 5.6875, 12.625, 6.65625], "texture": "#4"},
				"up": {"uv": [10, 6.15625, 11, 5], "texture": "#4"},
				"down": {"uv": [11.125, 5.8125, 12.4375, 6.8125], "texture": "#4"}
			}
		},
		{
			"name": "left-hand",
			"from": [12, 9, 0],
			"to": [16, 11, 6],
			"faces": {
				"north": {"uv": [11.75, 5.59375, 12.96875, 6.96875], "texture": "#4"},
				"east": {"uv": [11.125, 5.78125, 12.21875, 6.8125], "texture": "#4"},
				"south": {"uv": [11.59375, 5.28125, 12.6875, 6.9375], "texture": "#4"},
				"west": {"uv": [11.5625, 5.6875, 12.625, 6.65625], "texture": "#4"},
				"up": {"uv": [10, 6.15625, 11, 5], "texture": "#4"},
				"down": {"uv": [11.125, 5.8125, 12.4375, 6.8125], "texture": "#4"}
			}
		}
	],
	"groups": [
		0,
		1,
		{
			"name": "sheikh-al-kawelya",
			"origin": [0, 0, 0],
			"color": 0,
			"children": [2, 3, 4, 5]
		}
	]
}