{
	"credit": "Made with Blockbench",
	"textures": {
		"4": "blocks/on-top-bed",
		"particle": "blocks/bed_feet_top",
		"top": "blocks/bed_feet_top",
		"bottom": "blocks/planks_oak",
		"end": "blocks/bed_feet_end",
		"side": "blocks/bed_feet_side"
	},
	"elements": [
		{
			"from": [0, 0, 0],
			"to": [16, 9, 16],
			"faces": {
				"north": {"uv": [0, 7, 16, 16], "texture": "#end"},
				"east": {"uv": [16, 7, 0, 16], "texture": "#side"},
				"west": {"uv": [0, 7, 16, 16], "texture": "#side"},
				"up": {"uv": [0, 16, 16, 0], "rotation": 90, "texture": "#top"}
			}
		},
		{
			"from": [0, 3, 0],
			"to": [16, 3, 16],
			"faces": {
				"down": {"uv": [0, 0, 16, 16], "texture": "#bottom"}
			}
		},
		{
			"name": "body",
			"from": [4, 9, 10],
			"to": [12, 11, 16],
			"faces": {
				"north": {"uv": [0, 0, 8, 2], "texture": "#4"},
				"east": {"uv": [0, 0, 6, 2], "texture": "#4"},
				"south": {"uv": [0, 0, 8, 2], "texture": "#4"},
				"west": {"uv": [0, 0, 6, 2], "texture": "#4"},
				"up": {"uv": [5, 6.5, 7, 8], "texture": "#4"},
				"down": {"uv": [0, 0, 8, 6], "texture": "#4"}
			}
		},
		{
			"name": "left-hand",
			"from": [12, 9, 10],
			"to": [16, 11, 16],
			"faces": {
				"north": {"uv": [10, 7.5, 10.6875, 8], "texture": "#4"},
				"east": {"uv": [11.25, 6.5, 10.6875, 8], "rotation": 270, "texture": "#4"},
				"south": {"uv": [0, 0, 4, 2], "texture": "#4"},
				"west": {"uv": [0, 0, 6, 2], "texture": "#4"},
				"up": {"uv": [10, 8, 10.6875, 6.5], "texture": "#4"},
				"down": {"uv": [0, 0, 4, 6], "texture": "#4"}
			}
		},
		{
			"name": "right-hand",
			"from": [0, 9, 10],
			"to": [4, 11, 16],
			"faces": {
				"north": {"uv": [10, 7.5, 10.6875, 8], "texture": "#4"},
				"east": {"uv": [11.28125, 6.5, 10.6875, 8], "rotation": 270, "texture": "#4"},
				"south": {"uv": [0, 0, 4, 2], "texture": "#4"},
				"west": {"uv": [12.15625, 8, 11.28125, 6.5], "rotation": 270, "texture": "#4"},
				"up": {"uv": [10, 8, 10.6875, 6.5], "texture": "#4"},
				"down": {"uv": [0, 0, 4, 6], "texture": "#4"}
			}
		},
		{
			"name": "left-leg",
			"from": [8, 9, 0],
			"to": [12, 11, 10],
			"faces": {
				"north": {"uv": [11.5, 7.5, 12.125, 8], "texture": "#4"},
				"east": {"uv": [10.84375, 5, 11.59375, 8], "rotation": 270, "texture": "#4"},
				"south": {"uv": [0, 0, 4, 2], "texture": "#4"},
				"west": {"uv": [12.84375, 8, 12.125, 5], "rotation": 270, "texture": "#4"},
				"up": {"uv": [10.84375, 8, 10, 5], "texture": "#4"},
				"down": {"uv": [0, 0, 4, 10], "texture": "#4"}
			}
		},
		{
			"name": "right-leg",
			"from": [4, 9, 0],
			"to": [8, 11, 10],
			"faces": {
				"north": {"uv": [11.5, 7.5, 12.125, 8], "texture": "#4"},
				"east": {"uv": [10.84375, 5, 11.59375, 8], "rotation": 270, "texture": "#4"},
				"south": {"uv": [0, 0, 4, 2], "texture": "#4"},
				"west": {"uv": [12.84375, 8, 12.125, 5], "rotation": 270, "texture": "#4"},
				"up": {"uv": [10.84375, 8, 10, 5], "texture": "#4"},
				"down": {"uv": [0, 0, 4, 10], "texture": "#4"}
			}
		}
	],
	"groups": [
		0,
		1,
		{
			"name": "sheikh-al-kawelya",
			"origin": [0, 0, 0],
			"color": 0,
			"children": [2, 3, 4, 5, 6]
		}
	]
}